{
  "TC01-255" : {
    "transaction" : "TC01-255",
    "sampleCount" : 264,
    "errorCount" : 1,
    "errorPct" : 0.37878788,
    "meanResTime" : 1491.147727272727,
    "medianResTime" : 653.0,
    "minResTime" : 305.0,
    "maxResTime" : 159272.0,
    "pct1ResTime" : 1505.0,
    "pct2ResTime" : 2319.75,
    "pct3ResTime" : 9010.950000000339,
    "throughput" : 0.7778547120611676,
    "receivedKBytesPerSec" : 1.7361114308180734,
    "sentKBytesPerSec" : 0.3602112766835104
  },
  "TC03_SelectFlight" : {
    "transaction" : "TC03_SelectFlight",
    "sampleCount" : 248,
    "errorCount" : 2,
    "errorPct" : 0.8064516,
    "meanResTime" : 851.5645161290319,
    "medianResTime" : 663.5,
    "minResTime" : 325.0,
    "maxResTime" : 10157.0,
    "pct1ResTime" : 1427.2,
    "pct2ResTime" : 1771.2999999999988,
    "pct3ResTime" : 6036.229999999932,
    "throughput" : 0.7543955709679382,
    "receivedKBytesPerSec" : 1.8991487858946279,
    "sentKBytesPerSec" : 0.5159258646650848
  },
  "TC03-273" : {
    "transaction" : "TC03-273",
    "sampleCount" : 248,
    "errorCount" : 2,
    "errorPct" : 0.8064516,
    "meanResTime" : 775.7903225806447,
    "medianResTime" : 661.0,
    "minResTime" : 292.0,
    "maxResTime" : 2225.0,
    "pct1ResTime" : 1388.3999999999999,
    "pct2ResTime" : 1715.5499999999993,
    "pct3ResTime" : 2120.24,
    "throughput" : 0.7765531062124248,
    "receivedKBytesPerSec" : 1.9549291454001754,
    "sentKBytesPerSec" : 0.5310792483404309
  },
  "TC01_Hompage" : {
    "transaction" : "TC01_Hompage",
    "sampleCount" : 264,
    "errorCount" : 1,
    "errorPct" : 0.37878788,
    "meanResTime" : 1506.465909090909,
    "medianResTime" : 653.0,
    "minResTime" : 305.0,
    "maxResTime" : 163316.0,
    "pct1ResTime" : 1505.0,
    "pct2ResTime" : 2319.75,
    "pct3ResTime" : 9010.950000000339,
    "throughput" : 0.7684806497154584,
    "receivedKBytesPerSec" : 1.7151892501855706,
    "sentKBytesPerSec" : 0.3558703079744422
  },
  "TC02_SearcjFlight" : {
    "transaction" : "TC02_SearcjFlight",
    "sampleCount" : 263,
    "errorCount" : 0,
    "errorPct" : 0.0,
    "meanResTime" : 772.3041825095056,
    "medianResTime" : 669.0,
    "minResTime" : 297.0,
    "maxResTime" : 3838.0,
    "pct1ResTime" : 1282.8,
    "pct2ResTime" : 1555.3999999999999,
    "pct3ResTime" : 2516.9200000000073,
    "throughput" : 0.8038634349115138,
    "receivedKBytesPerSec" : 1.8636831339594093,
    "sentKBytesPerSec" : 0.5157600358758443
  },
  "TC04-299" : {
    "transaction" : "TC04-299",
    "sampleCount" : 238,
    "errorCount" : 2,
    "errorPct" : 0.84033614,
    "meanResTime" : 709.7689075630251,
    "medianResTime" : 617.0,
    "minResTime" : 107.0,
    "maxResTime" : 1934.0,
    "pct1ResTime" : 1227.1999999999998,
    "pct2ResTime" : 1470.25,
    "pct3ResTime" : 1835.2899999999986,
    "throughput" : 0.7555027902813137,
    "receivedKBytesPerSec" : 1.7581485380386133,
    "sentKBytesPerSec" : 0.6013716899137204
  },
  "Total" : {
    "transaction" : "Total",
    "sampleCount" : 1018,
    "errorCount" : 10,
    "errorPct" : 0.9823183,
    "meanResTime" : 1128.6905697445968,
    "medianResTime" : 652.5,
    "minResTime" : 107.0,
    "maxResTime" : 163316.0,
    "pct1ResTime" : 1370.3000000000002,
    "pct2ResTime" : 1685.3999999999996,
    "pct3ResTime" : 2836.369999999996,
    "throughput" : 2.999375375658507,
    "receivedKBytesPerSec" : 7.05174260891887,
    "sentKBytesPerSec" : 1.9152570342055486
  },
  "TC01-264" : {
    "transaction" : "TC01-264",
    "sampleCount" : 263,
    "errorCount" : 0,
    "errorPct" : 0.0,
    "meanResTime" : 772.3041825095055,
    "medianResTime" : 669.0,
    "minResTime" : 297.0,
    "maxResTime" : 3838.0,
    "pct1ResTime" : 1282.8,
    "pct2ResTime" : 1555.3999999999999,
    "pct3ResTime" : 2516.9200000000073,
    "throughput" : 0.8036939362362066,
    "receivedKBytesPerSec" : 1.8632901669345647,
    "sentKBytesPerSec" : 0.5156512852609255
  },
  "TC04_PurchaceAndConfrnation" : {
    "transaction" : "TC04_PurchaceAndConfrnation",
    "sampleCount" : 238,
    "errorCount" : 2,
    "errorPct" : 0.84033614,
    "meanResTime" : 739.9201680672268,
    "medianResTime" : 623.0,
    "minResTime" : 323.0,
    "maxResTime" : 4023.0,
    "pct1ResTime" : 1259.4,
    "pct2ResTime" : 1511.4499999999998,
    "pct3ResTime" : 3019.1899999999737,
    "throughput" : 0.7470205493425905,
    "receivedKBytesPerSec" : 1.7384093131177436,
    "sentKBytesPerSec" : 0.594619921908104
  }
}