{
  "TC01-255" : {
    "transaction" : "TC01-255",
    "sampleCount" : 450,
    "errorCount" : 0,
    "errorPct" : 0.0,
    "meanResTime" : 1307.8844444444453,
    "medianResTime" : 852.0,
    "minResTime" : 301.0,
    "maxResTime" : 7434.0,
    "pct1ResTime" : 2557.7000000000003,
    "pct2ResTime" : 2970.7499999999995,
    "pct3ResTime" : 4256.120000000002,
    "throughput" : 3.6459388292485313,
    "receivedKBytesPerSec" : 8.136077071095807,
    "sentKBytesPerSec" : 1.6947918776584971
  },
  "TC03_SelectFlight" : {
    "transaction" : "TC03_SelectFlight",
    "sampleCount" : 450,
    "errorCount" : 0,
    "errorPct" : 0.0,
    "meanResTime" : 429.25777777777756,
    "medianResTime" : 356.0,
    "minResTime" : 300.0,
    "maxResTime" : 4065.0,
    "pct1ResTime" : 530.9000000000001,
    "pct2ResTime" : 723.4999999999994,
    "pct3ResTime" : 2189.770000000005,
    "throughput" : 3.6728997135138224,
    "receivedKBytesPerSec" : 9.213964709045127,
    "sentKBytesPerSec" : 2.5322921852937093
  },
  "TC03-273" : {
    "transaction" : "TC03-273",
    "sampleCount" : 450,
    "errorCount" : 0,
    "errorPct" : 0.0,
    "meanResTime" : 429.2577777777775,
    "medianResTime" : 356.0,
    "minResTime" : 300.0,
    "maxResTime" : 4065.0,
    "pct1ResTime" : 530.9000000000001,
    "pct2ResTime" : 723.4999999999994,
    "pct3ResTime" : 2189.770000000005,
    "throughput" : 3.6721803775001427,
    "receivedKBytesPerSec" : 9.212160157556939,
    "sentKBytesPerSec" : 2.531796236831153
  },
  "TC01_Hompage" : {
    "transaction" : "TC01_Hompage",
    "sampleCount" : 450,
    "errorCount" : 0,
    "errorPct" : 0.0,
    "meanResTime" : 1307.8844444444453,
    "medianResTime" : 852.0,
    "minResTime" : 301.0,
    "maxResTime" : 7434.0,
    "pct1ResTime" : 2557.7000000000003,
    "pct2ResTime" : 2970.7499999999995,
    "pct3ResTime" : 4256.120000000002,
    "throughput" : 3.6403643600239457,
    "receivedKBytesPerSec" : 8.123637391395796,
    "sentKBytesPerSec" : 1.692200620479881
  },
  "TC02_SearcjFlight" : {
    "transaction" : "TC02_SearcjFlight",
    "sampleCount" : 450,
    "errorCount" : 0,
    "errorPct" : 0.0,
    "meanResTime" : 515.0711111111108,
    "medianResTime" : 370.0,
    "minResTime" : 295.0,
    "maxResTime" : 2969.0,
    "pct1ResTime" : 991.9000000000001,
    "pct2ResTime" : 1161.25,
    "pct3ResTime" : 1749.1800000000007,
    "throughput" : 3.666017645764935,
    "receivedKBytesPerSec" : 8.46535823357013,
    "sentKBytesPerSec" : 2.352122649675354
  },
  "TC04-299" : {
    "transaction" : "TC04-299",
    "sampleCount" : 450,
    "errorCount" : 0,
    "errorPct" : 0.0,
    "meanResTime" : 455.3200000000001,
    "medianResTime" : 367.0,
    "minResTime" : 287.0,
    "maxResTime" : 2649.0,
    "pct1ResTime" : 679.7000000000007,
    "pct2ResTime" : 878.9,
    "pct3ResTime" : 1796.8000000000002,
    "throughput" : 3.6641668905879765,
    "receivedKBytesPerSec" : 8.525636890730471,
    "sentKBytesPerSec" : 2.9413527188118325
  },
  "Total" : {
    "transaction" : "Total",
    "sampleCount" : 1800,
    "errorCount" : 0,
    "errorPct" : 0.0,
    "meanResTime" : 676.8833333333342,
    "medianResTime" : 396.0,
    "minResTime" : 287.0,
    "maxResTime" : 7434.0,
    "pct1ResTime" : 1643.7000000000003,
    "pct2ResTime" : 2214.8999999999996,
    "pct3ResTime" : 3022.98,
    "throughput" : 12.286353956205973,
    "receivedKBytesPerSec" : 28.7994683058995,
    "sentKBytesPerSec" : 7.981930634146509
  },
  "TC01-264" : {
    "transaction" : "TC01-264",
    "sampleCount" : 450,
    "errorCount" : 0,
    "errorPct" : 0.0,
    "meanResTime" : 515.071111111111,
    "medianResTime" : 370.0,
    "minResTime" : 295.0,
    "maxResTime" : 2969.0,
    "pct1ResTime" : 991.9000000000001,
    "pct2ResTime" : 1161.25,
    "pct3ResTime" : 1749.1800000000007,
    "throughput" : 3.665838458718586,
    "receivedKBytesPerSec" : 8.464944465093073,
    "sentKBytesPerSec" : 2.3520076829864367
  },
  "TC04_PurchaceAndConfrnation" : {
    "transaction" : "TC04_PurchaceAndConfrnation",
    "sampleCount" : 450,
    "errorCount" : 0,
    "errorPct" : 0.0,
    "meanResTime" : 455.3200000000001,
    "medianResTime" : 367.0,
    "minResTime" : 287.0,
    "maxResTime" : 2649.0,
    "pct1ResTime" : 679.7000000000007,
    "pct2ResTime" : 878.9,
    "pct3ResTime" : 1796.8000000000002,
    "throughput" : 3.663838725961147,
    "receivedKBytesPerSec" : 8.524873330409047,
    "sentKBytesPerSec" : 2.9410892897852174
  }
}