{
  "TC01-255" : {
    "transaction" : "TC01-255",
    "sampleCount" : 200,
    "errorCount" : 0,
    "errorPct" : 0.0,
    "meanResTime" : 969.2900000000004,
    "medianResTime" : 854.5,
    "minResTime" : 334.0,
    "maxResTime" : 2813.0,
    "pct1ResTime" : 1635.5,
    "pct2ResTime" : 2119.6499999999996,
    "pct3ResTime" : 2802.94,
    "throughput" : 4.8619214313496695,
    "receivedKBytesPerSec" : 10.8546431729507,
    "sentKBytesPerSec" : 2.2600337903539476
  },
  "TC03_SelectFlight" : {
    "transaction" : "TC03_SelectFlight",
    "sampleCount" : 200,
    "errorCount" : 0,
    "errorPct" : 0.0,
    "meanResTime" : 710.3750000000003,
    "medianResTime" : 598.0,
    "minResTime" : 311.0,
    "maxResTime" : 2516.0,
    "pct1ResTime" : 1136.6,
    "pct2ResTime" : 1398.3999999999994,
    "pct3ResTime" : 2345.8100000000013,
    "throughput" : 4.885675200312683,
    "receivedKBytesPerSec" : 12.233177246189173,
    "sentKBytesPerSec" : 3.3684440345905804
  },
  "TC03-273" : {
    "transaction" : "TC03-273",
    "sampleCount" : 200,
    "errorCount" : 0,
    "errorPct" : 0.0,
    "meanResTime" : 710.3750000000003,
    "medianResTime" : 598.0,
    "minResTime" : 311.0,
    "maxResTime" : 2516.0,
    "pct1ResTime" : 1136.6,
    "pct2ResTime" : 1398.3999999999994,
    "pct3ResTime" : 2345.8100000000013,
    "throughput" : 4.882097349021139,
    "receivedKBytesPerSec" : 12.224218711858613,
    "sentKBytesPerSec" : 3.3659772738368403
  },
  "TC01_Hompage" : {
    "transaction" : "TC01_Hompage",
    "sampleCount" : 200,
    "errorCount" : 0,
    "errorPct" : 0.0,
    "meanResTime" : 969.2900000000004,
    "medianResTime" : 854.5,
    "minResTime" : 334.0,
    "maxResTime" : 2813.0,
    "pct1ResTime" : 1635.5,
    "pct2ResTime" : 2119.6499999999996,
    "pct3ResTime" : 2802.94,
    "throughput" : 4.848484848484849,
    "receivedKBytesPerSec" : 10.824644886363636,
    "sentKBytesPerSec" : 2.253787878787879
  },
  "TC02_SearcjFlight" : {
    "transaction" : "TC02_SearcjFlight",
    "sampleCount" : 200,
    "errorCount" : 0,
    "errorPct" : 0.0,
    "meanResTime" : 737.7300000000004,
    "medianResTime" : 676.5,
    "minResTime" : 314.0,
    "maxResTime" : 2036.0,
    "pct1ResTime" : 1183.5,
    "pct2ResTime" : 1370.8999999999996,
    "pct3ResTime" : 1880.850000000002,
    "throughput" : 4.87638367386746,
    "receivedKBytesPerSec" : 11.227587683473935,
    "sentKBytesPerSec" : 3.1286953845028527
  },
  "TC04-299" : {
    "transaction" : "TC04-299",
    "sampleCount" : 200,
    "errorCount" : 0,
    "errorPct" : 0.0,
    "meanResTime" : 645.2699999999998,
    "medianResTime" : 508.5,
    "minResTime" : 314.0,
    "maxResTime" : 2308.0,
    "pct1ResTime" : 1040.4,
    "pct2ResTime" : 1519.2999999999997,
    "pct3ResTime" : 2298.55,
    "throughput" : 4.845195988177722,
    "receivedKBytesPerSec" : 11.247644591247154,
    "sentKBytesPerSec" : 3.889405373322351
  },
  "Total" : {
    "transaction" : "Total",
    "sampleCount" : 800,
    "errorCount" : 0,
    "errorPct" : 0.0,
    "meanResTime" : 765.6662500000011,
    "medianResTime" : 648.0,
    "minResTime" : 311.0,
    "maxResTime" : 2813.0,
    "pct1ResTime" : 1281.6,
    "pct2ResTime" : 1635.7499999999995,
    "pct3ResTime" : 2346.6100000000006,
    "throughput" : 12.20814893941706,
    "receivedKBytesPerSec" : 28.568022279871816,
    "sentKBytesPerSec" : 7.931124103464062
  },
  "TC01-264" : {
    "transaction" : "TC01-264",
    "sampleCount" : 200,
    "errorCount" : 0,
    "errorPct" : 0.0,
    "meanResTime" : 737.7300000000004,
    "medianResTime" : 676.5,
    "minResTime" : 314.0,
    "maxResTime" : 2036.0,
    "pct1ResTime" : 1183.5,
    "pct2ResTime" : 1370.8999999999996,
    "pct3ResTime" : 1880.850000000002,
    "throughput" : 4.869853173926806,
    "receivedKBytesPerSec" : 11.212551590007061,
    "sentKBytesPerSec" : 3.1245054055370227
  },
  "TC04_PurchaceAndConfrnation" : {
    "transaction" : "TC04_PurchaceAndConfrnation",
    "sampleCount" : 200,
    "errorCount" : 0,
    "errorPct" : 0.0,
    "meanResTime" : 645.2699999999998,
    "medianResTime" : 508.5,
    "minResTime" : 314.0,
    "maxResTime" : 2308.0,
    "pct1ResTime" : 1040.4,
    "pct2ResTime" : 1519.2999999999997,
    "pct3ResTime" : 2298.55,
    "throughput" : 4.851660480799554,
    "receivedKBytesPerSec" : 11.262651273257648,
    "sentKBytesPerSec" : 3.8945946437668293
  }
}