{
  "TC01-255" : {
    "transaction" : "TC01-255",
    "sampleCount" : 758,
    "errorCount" : 12,
    "errorPct" : 1.5831134,
    "meanResTime" : 2202.461741424802,
    "medianResTime" : 1191.0,
    "minResTime" : 182.0,
    "maxResTime" : 102630.0,
    "pct1ResTime" : 2423.1000000000004,
    "pct2ResTime" : 4718.199999999904,
    "pct3ResTime" : 22971.23,
    "throughput" : 5.182020167492737,
    "receivedKBytesPerSec" : 11.64511808878824,
    "sentKBytesPerSec" : 2.3706951803110576
  },
  "TC03_SelectFlight" : {
    "transaction" : "TC03_SelectFlight",
    "sampleCount" : 624,
    "errorCount" : 0,
    "errorPct" : 0.0,
    "meanResTime" : 1898.0112179487178,
    "medianResTime" : 1189.5,
    "minResTime" : 0.0,
    "maxResTime" : 12795.0,
    "pct1ResTime" : 2815.0,
    "pct2ResTime" : 10893.75,
    "pct3ResTime" : 12437.25,
    "throughput" : 5.552144782852414,
    "receivedKBytesPerSec" : 13.592421605984573,
    "sentKBytesPerSec" : 3.7420602216409082
  },
  "TC03-273" : {
    "transaction" : "TC03-273",
    "sampleCount" : 610,
    "errorCount" : 0,
    "errorPct" : 0.0,
    "meanResTime" : 1174.3672131147553,
    "medianResTime" : 1197.5,
    "minResTime" : 307.0,
    "maxResTime" : 3429.0,
    "pct1ResTime" : 1780.3999999999992,
    "pct2ResTime" : 2455.7499999999977,
    "pct3ResTime" : 3342.1299999999997,
    "throughput" : 5.42931652915365,
    "receivedKBytesPerSec" : 13.596776871779126,
    "sentKBytesPerSec" : 3.7432592476391378
  },
  "TC01_Hompage" : {
    "transaction" : "TC01_Hompage",
    "sampleCount" : 773,
    "errorCount" : 12,
    "errorPct" : 1.5523933,
    "meanResTime" : 2175.4514877102174,
    "medianResTime" : 1171.0,
    "minResTime" : 0.0,
    "maxResTime" : 106685.0,
    "pct1ResTime" : 2418.8,
    "pct2ResTime" : 4616.299999999999,
    "pct3ResTime" : 22970.78,
    "throughput" : 5.138602672339294,
    "receivedKBytesPerSec" : 11.323470374509737,
    "sentKBytesPerSec" : 2.3052146347138205
  },
  "TC02_SearcjFlight" : {
    "transaction" : "TC02_SearcjFlight",
    "sampleCount" : 744,
    "errorCount" : 1,
    "errorPct" : 0.13440861,
    "meanResTime" : 869.854838709677,
    "medianResTime" : 591.0,
    "minResTime" : 0.0,
    "maxResTime" : 111270.0,
    "pct1ResTime" : 1317.5,
    "pct2ResTime" : 1515.0,
    "pct3ResTime" : 9111.549999999997,
    "throughput" : 4.799102103477414,
    "receivedKBytesPerSec" : 9.419640085484007,
    "sentKBytesPerSec" : 2.6114506701165587
  },
  "TC04-299" : {
    "transaction" : "TC04-299",
    "sampleCount" : 196,
    "errorCount" : 0,
    "errorPct" : 0.0,
    "meanResTime" : 607.8418367346936,
    "medianResTime" : 520.0,
    "minResTime" : 317.0,
    "maxResTime" : 2144.0,
    "pct1ResTime" : 923.6000000000001,
    "pct2ResTime" : 1261.649999999996,
    "pct3ResTime" : 1839.4200000000003,
    "throughput" : 1.7452317774651398,
    "receivedKBytesPerSec" : 4.032318091865083,
    "sentKBytesPerSec" : 1.4009575401136183
  },
  "Total" : {
    "transaction" : "Total",
    "sampleCount" : 2796,
    "errorCount" : 15,
    "errorPct" : 0.53648067,
    "meanResTime" : 1468.628040057227,
    "medianResTime" : 771.0,
    "minResTime" : 0.0,
    "maxResTime" : 111270.0,
    "pct1ResTime" : 1915.3000000000002,
    "pct2ResTime" : 3760.0500000000025,
    "pct3ResTime" : 15785.240000000002,
    "throughput" : 17.880553299524845,
    "receivedKBytesPerSec" : 34.373518647159635,
    "sentKBytesPerSec" : 8.932045523946256
  },
  "TC01-264" : {
    "transaction" : "TC01-264",
    "sampleCount" : 632,
    "errorCount" : 1,
    "errorPct" : 0.15822785,
    "meanResTime" : 914.1392405063289,
    "medianResTime" : 644.0,
    "minResTime" : 294.0,
    "maxResTime" : 102618.0,
    "pct1ResTime" : 1345.9000000000003,
    "pct2ResTime" : 1515.0,
    "pct3ResTime" : 1851.3799999999994,
    "throughput" : 4.317293767248682,
    "receivedKBytesPerSec" : 9.975663188324862,
    "sentKBytesPerSec" : 2.7655995432514957
  },
  "TC04_PurchaceAndConfrnation" : {
    "transaction" : "TC04_PurchaceAndConfrnation",
    "sampleCount" : 560,
    "errorCount" : 0,
    "errorPct" : 0.0,
    "meanResTime" : 431.480357142857,
    "medianResTime" : 0.0,
    "minResTime" : 0.0,
    "maxResTime" : 4857.0,
    "pct1ResTime" : 898.9000000000003,
    "pct2ResTime" : 4053.499999999999,
    "pct3ResTime" : 4318.329999999999,
    "throughput" : 4.987442332698028,
    "receivedKBytesPerSec" : 4.033179989891523,
    "sentKBytesPerSec" : 1.401256991325413
  }
}