{
  "TC01-255" : {
    "transaction" : "TC01-255",
    "sampleCount" : 200,
    "errorCount" : 0,
    "errorPct" : 0.0,
    "meanResTime" : 787.9650000000001,
    "medianResTime" : 679.0,
    "minResTime" : 323.0,
    "maxResTime" : 3080.0,
    "pct1ResTime" : 1276.2,
    "pct2ResTime" : 1721.0499999999997,
    "pct3ResTime" : 2466.1100000000015,
    "throughput" : 4.824624885415159,
    "receivedKBytesPerSec" : 10.760892344526463,
    "sentKBytesPerSec" : 2.242696724079703
  },
  "TC03_SelectFlight" : {
    "transaction" : "TC03_SelectFlight",
    "sampleCount" : 200,
    "errorCount" : 0,
    "errorPct" : 0.0,
    "meanResTime" : 732.4250000000003,
    "medianResTime" : 575.5,
    "minResTime" : 308.0,
    "maxResTime" : 4263.0,
    "pct1ResTime" : 1145.8,
    "pct2ResTime" : 1236.5,
    "pct3ResTime" : 3877.1200000000053,
    "throughput" : 4.904966278356836,
    "receivedKBytesPerSec" : 12.31551291385653,
    "sentKBytesPerSec" : 3.381744328632741
  },
  "TC03-273" : {
    "transaction" : "TC03-273",
    "sampleCount" : 200,
    "errorCount" : 0,
    "errorPct" : 0.0,
    "meanResTime" : 732.4250000000003,
    "medianResTime" : 575.5,
    "minResTime" : 308.0,
    "maxResTime" : 4263.0,
    "pct1ResTime" : 1145.8,
    "pct2ResTime" : 1236.5,
    "pct3ResTime" : 3877.1200000000053,
    "throughput" : 4.901360127435363,
    "receivedKBytesPerSec" : 12.306458499264796,
    "sentKBytesPerSec" : 3.3792580566107095
  },
  "TC01_Hompage" : {
    "transaction" : "TC01_Hompage",
    "sampleCount" : 200,
    "errorCount" : 0,
    "errorPct" : 0.0,
    "meanResTime" : 787.9650000000001,
    "medianResTime" : 679.0,
    "minResTime" : 323.0,
    "maxResTime" : 3080.0,
    "pct1ResTime" : 1276.2,
    "pct2ResTime" : 1721.0499999999997,
    "pct3ResTime" : 2466.1100000000015,
    "throughput" : 4.808270224786633,
    "receivedKBytesPerSec" : 10.724414743358578,
    "sentKBytesPerSec" : 2.2350943623031614
  },
  "TC02_SearcjFlight" : {
    "transaction" : "TC02_SearcjFlight",
    "sampleCount" : 200,
    "errorCount" : 0,
    "errorPct" : 0.0,
    "meanResTime" : 575.7299999999999,
    "medianResTime" : 476.0,
    "minResTime" : 314.0,
    "maxResTime" : 3493.0,
    "pct1ResTime" : 822.6000000000001,
    "pct2ResTime" : 1142.2999999999993,
    "pct3ResTime" : 2476.4600000000078,
    "throughput" : 4.932547414112018,
    "receivedKBytesPerSec" : 11.383972612030483,
    "sentKBytesPerSec" : 3.1647301279996056
  },
  "TC04-299" : {
    "transaction" : "TC04-299",
    "sampleCount" : 200,
    "errorCount" : 0,
    "errorPct" : 0.0,
    "meanResTime" : 758.7700000000004,
    "medianResTime" : 563.5,
    "minResTime" : 316.0,
    "maxResTime" : 3745.0,
    "pct1ResTime" : 1162.0,
    "pct2ResTime" : 1320.7499999999995,
    "pct3ResTime" : 3705.800000000002,
    "throughput" : 4.910023813615496,
    "receivedKBytesPerSec" : 11.379819303451747,
    "sentKBytesPerSec" : 3.941444897257752
  },
  "Total" : {
    "transaction" : "Total",
    "sampleCount" : 800,
    "errorCount" : 0,
    "errorPct" : 0.0,
    "meanResTime" : 713.7225000000002,
    "medianResTime" : 573.0,
    "minResTime" : 308.0,
    "maxResTime" : 4263.0,
    "pct1ResTime" : 1141.6999999999998,
    "pct2ResTime" : 1328.6999999999996,
    "pct3ResTime" : 3430.3500000000004,
    "throughput" : 12.388695315524584,
    "receivedKBytesPerSec" : 29.010719125048393,
    "sentKBytesPerSec" : 8.048417537746806
  },
  "TC01-264" : {
    "transaction" : "TC01-264",
    "sampleCount" : 200,
    "errorCount" : 0,
    "errorPct" : 0.0,
    "meanResTime" : 575.7299999999999,
    "medianResTime" : 476.0,
    "minResTime" : 314.0,
    "maxResTime" : 3493.0,
    "pct1ResTime" : 822.6000000000001,
    "pct2ResTime" : 1142.2999999999993,
    "pct3ResTime" : 2476.4600000000078,
    "throughput" : 4.920775514221042,
    "receivedKBytesPerSec" : 11.35680389479382,
    "sentKBytesPerSec" : 3.157177258635961
  },
  "TC04_PurchaceAndConfrnation" : {
    "transaction" : "TC04_PurchaceAndConfrnation",
    "sampleCount" : 200,
    "errorCount" : 0,
    "errorPct" : 0.0,
    "meanResTime" : 758.7700000000004,
    "medianResTime" : 563.5,
    "minResTime" : 316.0,
    "maxResTime" : 3745.0,
    "pct1ResTime" : 1162.0,
    "pct2ResTime" : 1320.7499999999995,
    "pct3ResTime" : 3705.800000000002,
    "throughput" : 4.909421179242967,
    "receivedKBytesPerSec" : 11.378422595304139,
    "sentKBytesPerSec" : 3.9409611419313664
  }
}